auc,bedroc,ap,enrich0.001,enrich0.005,enrich0.01,enrich0.05
0.6026244239891537,0.2544006496354621,0.01864847118205313,96.86882003955175,38.95811240721103,26.820142691222834,7.804346960181632
