auc,bedroc,ap,enrich0.001,enrich0.005,enrich0.01,enrich0.05
0.6789980300988947,0.09141436702179004,0.008762800869512711,21.780241935483872,7.331026058631922,8.077283849918434,4.55860013067625
