auc,bedroc,ap,enrich0.001,enrich0.005,enrich0.01,enrich0.05
0.770811941687537,0.41742545121478924,0.2293840837357697,14.992503748125937,12.14392803598201,9.89505247376312,5.487256371814093
