auc,bedroc,ap,enrich0.001,enrich0.005,enrich0.01,enrich0.05
0.732597928851654,0.17596200153442587,0.022383561827900567,38.70353084415584,20.771706281140244,18.824358817283347,7.012656107654535
