auc,bedroc,ap,enrich0.001,enrich0.005,enrich0.01,enrich0.05
0.9034907734411946,0.4623445877980304,0.08577884483776976,154.56629213483146,75.4139954853273,52.18327683615819,14.221257349615557
