auc,bedroc,ap,enrich0.001,enrich0.005,enrich0.01,enrich0.05
0.6086041127466839,0.13969571270978004,0.0038815373015676333,41.47318007662835,16.665896843725942,16.665896843725942,4.583121632024635
