auc,bedroc,ap,enrich0.001,enrich0.005,enrich0.01,enrich0.05
0.682598574861631,0.09630124642783086,0.024751732586624036,37.955357142857146,12.976190476190476,9.083333333333332,3.3738095238095243
